feature,importance
num__rolling_mean_7d_net,11.825140073767734
cat__shift_start_22:50,0.0
cat__shift_start_22:39,0.0
cat__shift_start_22:38,-0.0
cat__shift_start_22:33,0.0
cat__shift_start_22:31,0.0
cat__shift_start_22:27,-0.0
cat__shift_start_22:24,-0.0
cat__shift_start_22:16,-0.0
cat__shift_start_21:49,-0.0
cat__shift_start_22:10,0.0
cat__shift_start_22:09,-0.0
cat__shift_start_22:08,0.0
cat__shift_start_22:07,-0.0
cat__shift_start_22:06,-0.0
cat__shift_start_21:59,-0.0
cat__shift_start_21:54,-0.0
cat__shift_start_22:15,0.0
cat__shift_start_23:42,0.0
cat__shift_start_23:41,0.0
cat__shift_start_23:39,0.0
cat__shift_start_23:33,0.0
cat__shift_start_23:30,0.0
cat__shift_start_23:26,-0.0
cat__shift_start_23:23,-0.0
cat__shift_start_23:18,0.0
cat__shift_start_22:52,0.0
cat__shift_start_23:13,0.0
cat__shift_start_23:04,0.0
cat__shift_start_23:03,0.0
cat__shift_start_23:02,0.0
cat__shift_start_23:00,0.0
cat__shift_start_22:58,-0.0
cat__shift_start_22:56,-0.0
cat__shift_start_22:55,0.0
cat__shift_start_23:16,-0.0
cat__shift_start_20:45,-0.0
cat__shift_start_20:33,0.0
cat__shift_start_20:29,0.0
cat__shift_start_20:26,-0.0
cat__shift_start_20:21,-0.0
cat__shift_start_20:16,0.0
cat__shift_start_20:11,-0.0
cat__shift_start_20:05,-0.0
cat__shift_start_21:47,0.0
cat__shift_start_19:51,-0.0
cat__shift_start_19:50,0.0
cat__shift_start_19:49,-0.0
cat__shift_start_19:48,-0.0
cat__shift_start_19:44,0.0
cat__shift_start_19:42,0.0
cat__shift_start_19:36,-0.0
cat__shift_start_19:28,0.0
cat__shift_start_19:54,-0.0
cat__shift_start_23:43,0.0
cat__shift_start_21:43,0.0
cat__shift_start_21:32,-0.0
cat__shift_start_21:27,0.0
cat__shift_start_21:25,0.0
cat__shift_start_21:21,-0.0
cat__shift_start_21:18,-0.0
cat__shift_start_21:17,-0.0
cat__shift_start_20:47,-0.0
cat__shift_start_21:14,0.0
cat__shift_start_21:12,-0.0
cat__shift_start_21:11,-0.0
cat__shift_start_21:02,-0.0
cat__shift_start_20:53,0.0
cat__shift_start_20:52,-0.0
cat__shift_start_20:51,0.0
cat__shift_start_20:50,-0.0
cat__shift_start_21:16,-0.0
cat__shift_end_03:23,-0.0
cat__shift_end_03:18,0.0
cat__shift_end_03:16,0.0
cat__shift_end_03:15,0.0
cat__shift_end_03:10,-0.0
cat__shift_end_03:05,-0.0
cat__shift_end_03:02,0.0
cat__shift_end_02:59,-0.0
cat__shift_start_23:47,-0.0
cat__shift_end_02:56,-0.0
cat__shift_end_02:55,0.0
cat__shift_end_02:51,0.0
cat__shift_end_02:47,0.0
cat__shift_end_02:43,0.0
cat__shift_end_02:31,0.0
cat__shift_end_02:30,0.0
cat__shift_end_02:26,-0.0
cat__shift_end_02:57,-0.0
cat__shift_end_04:21,-0.0
cat__shift_end_04:20,-0.0
cat__shift_end_04:18,-0.0
cat__shift_end_04:13,-0.0
cat__shift_end_04:10,-0.0
cat__shift_end_04:08,0.0
cat__shift_end_04:04,-0.0
cat__shift_end_04:03,0.0
cat__shift_end_03:26,-0.0
cat__shift_end_03:53,0.0
cat__shift_end_03:52,0.0
cat__shift_end_03:51,0.0
cat__shift_end_03:50,-0.0
cat__shift_end_03:44,-0.0
cat__shift_end_03:39,0.0
cat__shift_end_03:33,0.0
cat__shift_end_03:30,0.0
cat__shift_end_03:58,-0.0
cat__shift_end_00:52,-0.0
cat__shift_end_00:48,0.0
cat__shift_end_00:47,0.0
cat__shift_end_00:43,-0.0
cat__shift_end_00:39,0.0
cat__shift_end_00:27,0.0
cat__shift_end_00:25,-0.0
cat__shift_end_00:18,0.0
cat__shift_end_02:24,-0.0
cat__shift_end_00:07,-0.0
cat__shift_end_00:06,0.0
cat__shift_end_00:04,0.0
cat__shift_end_00:03,-0.0
cat__shift_start_23:55,-0.0
cat__shift_start_23:53,-0.0
cat__shift_start_23:48,-0.0
cat__shift_end_04:24,-0.0
cat__shift_end_00:14,0.0
cat__shift_end_02:22,-0.0
cat__shift_end_02:13,0.0
cat__shift_end_02:12,-0.0
cat__shift_end_02:11,-0.0
cat__shift_end_02:10,0.0
cat__shift_end_02:03,0.0
cat__shift_end_02:01,-0.0
cat__shift_end_01:55,0.0
cat__shift_end_00:54,-0.0
cat__shift_end_01:21,-0.0
cat__shift_end_01:17,-0.0
cat__shift_end_01:16,-0.0
cat__shift_end_01:14,0.0
cat__shift_end_01:13,0.0
cat__shift_end_01:11,-0.0
cat__shift_end_01:08,-0.0
cat__shift_end_01:06,-0.0
cat__shift_end_01:48,-0.0
cat__shift_start_12:39,-0.0
cat__shift_start_12:36,-0.0
cat__shift_start_12:33,-0.0
cat__shift_start_12:29,-0.0
cat__shift_start_12:26,0.0
cat__shift_start_12:23,-0.0
cat__shift_start_12:19,0.0
cat__shift_start_19:24,-0.0
cat__shift_start_12:16,0.0
cat__shift_start_12:14,0.0
cat__shift_start_12:12,-0.0
cat__shift_start_12:11,0.0
cat__shift_start_12:09,-0.0
cat__shift_start_12:04,0.0
cat__shift_start_11:57,0.0
cat__shift_start_11:54,-0.0
cat__shift_start_12:17,0.0
cat__shift_start_14:11,-0.0
cat__shift_start_14:06,-0.0
cat__shift_start_14:04,0.0
cat__shift_start_13:57,-0.0
cat__shift_start_13:45,-0.0
cat__shift_start_13:42,0.0
cat__shift_start_13:35,-0.0
cat__shift_start_13:34,-0.0
cat__shift_start_12:44,0.0
cat__shift_start_13:25,0.0
cat__shift_start_13:24,-0.0
cat__shift_start_13:23,-0.0
cat__shift_start_13:11,-0.0
cat__shift_start_13:07,-0.0
cat__shift_start_13:02,0.0
cat__shift_start_13:01,-0.0
cat__shift_start_12:47,0.0
cat__shift_start_13:30,0.0
cat__shift_start_10:33,0.0
cat__shift_start_10:29,0.0
cat__shift_start_10:23,0.0
cat__shift_start_10:21,-0.0
cat__shift_start_10:20,0.0
cat__shift_start_10:19,-0.0
cat__shift_start_10:14,-0.0
cat__shift_start_10:11,-0.0
cat__shift_start_11:46,-0.0
cat__shift_start_10:03,-0.0
cat__shift_start_10:02,-0.0
cat__shift_start_09:57,-0.0
cat__shift_start_09:56,-0.0
cat__shift_start_09:52,0.0
cat__shift_start_09:42,0.0
cat__shift_start_09:41,0.0
cat__shift_start_09:39,-0.0
cat__shift_start_10:10,0.0
cat__shift_start_11:43,-0.0
cat__shift_start_11:39,-0.0
cat__shift_start_11:33,-0.0
cat__shift_start_11:31,0.0
cat__shift_start_11:25,0.0
cat__shift_start_11:23,-0.0
cat__shift_start_11:08,0.0
cat__shift_start_11:04,0.0
cat__shift_start_10:34,-0.0
cat__shift_start_11:01,-0.0
cat__shift_start_10:52,-0.0
cat__shift_start_10:47,0.0
cat__shift_start_10:46,0.0
cat__shift_start_10:44,-0.0
cat__shift_start_10:41,0.0
cat__shift_start_10:39,-0.0
cat__shift_start_10:35,0.0
cat__shift_start_11:03,0.0
cat__shift_start_18:04,0.0
cat__shift_start_18:03,-0.0
cat__shift_start_17:59,-0.0
cat__shift_start_17:57,-0.0
cat__shift_start_17:49,0.0
cat__shift_start_17:48,-0.0
cat__shift_start_17:47,0.0
cat__shift_start_17:41,0.0
cat__shift_start_14:29,0.0
cat__shift_start_17:33,0.0
cat__shift_start_17:30,0.0
cat__shift_start_17:26,0.0
cat__shift_start_17:22,-0.0
cat__shift_start_17:18,-0.0
cat__shift_start_17:17,-0.0
cat__shift_start_17:13,0.0
cat__shift_start_17:10,-0.0
cat__shift_start_17:40,-0.0
cat__shift_start_19:23,-0.0
cat__shift_start_19:20,-0.0
cat__shift_start_19:18,0.0
cat__shift_start_19:10,-0.0
cat__shift_start_19:08,-0.0
cat__shift_start_19:04,-0.0
cat__shift_start_19:02,-0.0
cat__shift_start_19:00,-0.0
cat__shift_start_18:06,0.0
cat__shift_start_18:48,-0.0
cat__shift_start_18:47,0.0
cat__shift_start_18:44,-0.0
cat__shift_start_18:33,0.0
cat__shift_start_18:22,-0.0
cat__shift_start_18:20,0.0
cat__shift_start_18:14,-0.0
cat__shift_start_18:07,-0.0
cat__shift_start_18:50,0.0
cat__shift_start_15:29,0.0
cat__shift_start_15:26,-0.0
cat__shift_start_15:25,-0.0
cat__shift_start_15:21,-0.0
cat__shift_start_15:20,0.0
cat__shift_start_15:18,-0.0
cat__shift_start_15:15,0.0
cat__shift_start_15:12,0.0
cat__shift_start_17:03,-0.0
cat__shift_start_15:06,-0.0
cat__shift_start_14:57,0.0
cat__shift_start_14:56,-0.0
cat__shift_start_14:49,0.0
cat__shift_start_14:48,0.0
cat__shift_start_14:41,0.0
cat__shift_start_14:38,-0.0
cat__shift_start_14:36,-0.0
cat__shift_start_15:09,0.0
cat__shift_start_17:01,-0.0
cat__shift_start_16:57,0.0
cat__shift_start_16:53,0.0
cat__shift_start_16:51,0.0
cat__shift_start_16:48,-0.0
cat__shift_start_16:43,-0.0
cat__shift_start_16:39,0.0
cat__shift_start_16:14,0.0
cat__shift_start_15:31,-0.0
cat__shift_start_16:08,0.0
cat__shift_start_16:06,-0.0
cat__shift_start_16:04,-0.0
cat__shift_start_15:58,0.0
cat__shift_start_15:55,0.0
cat__shift_start_15:51,0.0
cat__shift_start_15:45,-0.0
cat__shift_start_15:35,-0.0
cat__shift_start_16:11,-0.0
cat__shift_end_18:01,-0.0
cat__shift_end_17:58,-0.0
cat__shift_end_17:57,-0.0
cat__shift_end_17:56,0.0
cat__shift_end_17:55,0.0
cat__shift_end_17:52,0.0
cat__shift_end_17:47,0.0
cat__shift_end_04:29,0.0
cat__shift_end_17:33,-0.0
cat__shift_end_17:31,-0.0
cat__shift_end_17:29,-0.0
cat__shift_end_17:25,0.0
cat__shift_end_17:23,0.0
cat__shift_end_17:20,0.0
cat__shift_end_17:14,-0.0
cat__shift_end_17:01,0.0
cat__shift_end_17:36,-0.0
cat__shift_end_18:56,-0.0
cat__shift_end_18:54,0.0
cat__shift_end_18:52,-0.0
cat__shift_end_18:45,-0.0
cat__shift_end_18:42,0.0
cat__shift_end_18:41,0.0
cat__shift_end_18:36,-0.0
cat__shift_end_18:33,-0.0
cat__shift_end_18:02,-0.0
cat__shift_end_18:25,-0.0
cat__shift_end_18:22,-0.0
cat__shift_end_18:20,-0.0
cat__shift_end_18:18,-0.0
cat__shift_end_18:17,0.0
cat__shift_end_18:15,-0.0
cat__shift_end_18:08,0.0
cat__shift_end_18:03,-0.0
cat__shift_end_18:31,0.0
cat__shift_end_15:18,-0.0
cat__shift_end_15:14,0.0
cat__shift_end_15:10,0.0
cat__shift_end_15:09,-0.0
cat__shift_end_15:08,-0.0
cat__shift_end_15:07,-0.0
cat__shift_end_15:04,0.0
cat__shift_end_14:57,0.0
cat__shift_end_16:54,-0.0
cat__shift_end_14:50,-0.0
cat__shift_end_14:49,0.0
cat__shift_end_14:43,0.0
cat__shift_end_14:42,0.0
cat__shift_end_14:41,0.0
cat__shift_end_14:38,0.0
cat__shift_end_14:35,-0.0
cat__shift_end_14:31,0.0
cat__shift_end_14:54,-0.0
cat__shift_end_16:47,0.0
cat__shift_end_16:46,0.0
cat__shift_end_16:39,-0.0
cat__shift_end_16:34,-0.0
cat__shift_end_16:33,0.0
cat__shift_end_16:29,0.0
cat__shift_end_16:23,-0.0
cat__shift_end_16:16,0.0
cat__shift_end_15:19,0.0
cat__shift_end_16:04,0.0
cat__shift_end_16:01,-0.0
cat__shift_end_15:56,-0.0
cat__shift_end_15:46,0.0
cat__shift_end_15:45,0.0
cat__shift_end_15:34,-0.0
cat__shift_end_15:32,0.0
cat__shift_end_15:23,-0.0
cat__shift_end_16:11,0.0
cat__Worker_id_WKR-007,-0.0
cat__Worker_id_WKR-006,0.0
cat__Worker_id_WKR-005,-0.0
cat__Worker_id_WKR-004,0.0
cat__Worker_id_WKR-002,0.0
num__recent_tip_rate,0.0
num__tip_given,0.0
num__idle_rate_last_shift,0.0
cat__shift_end_19:03,0.0
num__ISI,0.0
num__isi_component,0.0
num__day_of_week_num,0.0
cat__shift_end_22:28,0.0
cat__shift_end_22:25,0.0
cat__shift_end_22:14,-0.0
cat__shift_end_22:06,0.0
cat__shift_end_22:04,0.0
num__accept_rate,-0.0
cat__shift_end_23:18,-0.0
cat__shift_end_23:12,0.0
cat__shift_end_23:11,-0.0
cat__shift_end_23:03,-0.0
cat__shift_end_23:02,0.0
cat__shift_end_23:00,-0.0
cat__shift_end_22:57,0.0
cat__shift_end_22:51,-0.0
cat__Worker_id_WKR-008,0.0
cat__shift_end_22:49,0.0
cat__shift_end_22:47,-0.0
cat__shift_end_22:44,0.0
cat__shift_end_22:41,0.0
cat__shift_end_22:40,-0.0
cat__shift_end_22:29,0.0
cat__Worker_id_WKR-011,0.0
cat__Worker_id_WKR-009,0.0
cat__shift_end_22:50,0.0
cat__shift_end_20:20,0.0
cat__shift_end_20:12,0.0
cat__shift_end_20:11,-0.0
cat__shift_end_20:09,0.0
cat__shift_end_20:07,-0.0
cat__shift_end_20:03,0.0
cat__shift_end_19:57,0.0
cat__shift_end_19:43,-0.0
cat__shift_end_21:51,0.0
cat__shift_end_19:31,-0.0
cat__shift_end_19:25,0.0
cat__shift_end_19:23,-0.0
cat__shift_end_19:21,-0.0
cat__shift_end_19:19,-0.0
cat__shift_end_19:11,-0.0
cat__shift_end_19:08,0.0
cat__shift_end_19:06,-0.0
cat__shift_end_19:35,-0.0
cat__shift_end_21:41,0.0
cat__shift_end_21:35,-0.0
cat__shift_end_21:33,0.0
cat__shift_end_21:30,0.0
cat__shift_end_21:26,0.0
cat__shift_end_21:20,0.0
cat__shift_end_21:15,0.0
cat__shift_end_21:11,-0.0
cat__shift_end_20:21,-0.0
cat__shift_end_21:04,-0.0
cat__shift_end_21:03,-0.0
cat__shift_end_20:58,0.0
cat__shift_end_20:57,-0.0
cat__shift_end_20:46,-0.0
cat__shift_end_20:44,-0.0
cat__shift_end_20:39,-0.0
cat__shift_end_20:24,-0.0
cat__shift_end_21:06,-0.0
cat__shift_end_07:51,-0.0
cat__shift_end_07:50,0.0
cat__shift_end_07:49,-0.0
cat__shift_end_07:42,0.0
cat__shift_end_07:34,0.0
cat__shift_end_07:33,0.0
cat__shift_end_07:32,-0.0
cat__shift_end_07:26,0.0
cat__shift_end_14:23,-0.0
cat__shift_end_07:07,-0.0
cat__shift_end_07:06,-0.0
cat__shift_end_07:00,-0.0
cat__shift_end_06:53,0.0
cat__shift_end_06:52,0.0
cat__shift_end_06:51,-0.0
cat__shift_end_06:48,0.0
cat__shift_end_06:44,0.0
cat__shift_end_07:09,-0.0
cat__shift_end_09:18,-0.0
cat__shift_end_09:11,0.0
cat__shift_end_09:10,-0.0
cat__shift_end_09:08,-0.0
cat__shift_end_09:06,0.0
cat__shift_end_08:55,-0.0
cat__shift_end_08:48,-0.0
cat__shift_end_08:46,0.0
cat__shift_end_08:00,0.0
cat__shift_end_08:39,0.0
cat__shift_end_08:33,-0.0
cat__shift_end_08:29,0.0
cat__shift_end_08:28,-0.0
cat__shift_end_08:27,0.0
cat__shift_end_08:23,0.0
cat__shift_end_08:16,-0.0
cat__shift_end_08:08,0.0
cat__shift_end_08:43,-0.0
cat__shift_end_05:29,0.0
cat__shift_end_05:21,-0.0
cat__shift_end_05:13,-0.0
cat__shift_end_05:06,0.0
cat__shift_end_05:03,0.0
cat__shift_end_05:02,-0.0
cat__shift_end_05:00,0.0
cat__shift_end_04:51,0.0
cat__shift_end_06:43,0.0
cat__shift_end_04:49,-0.0
cat__shift_end_04:48,-0.0
cat__shift_end_04:47,0.0
cat__shift_end_04:45,-0.0
cat__shift_end_04:43,0.0
cat__shift_end_04:42,0.0
cat__shift_end_04:38,-0.0
cat__shift_end_23:22,-0.0
cat__shift_end_04:50,0.0
cat__shift_end_06:35,0.0
cat__shift_end_06:33,0.0
cat__shift_end_06:27,-0.0
cat__shift_end_06:21,0.0
cat__shift_end_06:18,-0.0
cat__shift_end_06:15,0.0
cat__shift_end_06:09,-0.0
cat__shift_end_06:04,0.0
cat__shift_end_05:32,-0.0
cat__shift_end_05:59,-0.0
cat__shift_end_05:58,0.0
cat__shift_end_05:55,-0.0
cat__shift_end_05:54,-0.0
cat__shift_end_05:53,-0.0
cat__shift_end_05:47,-0.0
cat__shift_end_05:36,0.0
cat__shift_end_05:33,0.0
cat__shift_end_06:00,0.0
cat__shift_end_13:18,0.0
cat__shift_end_13:16,-0.0
cat__shift_end_13:13,0.0
cat__shift_end_13:11,0.0
cat__shift_end_13:03,-0.0
cat__shift_end_12:59,0.0
cat__shift_end_12:56,0.0
cat__shift_end_12:53,0.0
cat__shift_end_09:24,-0.0
cat__shift_end_12:50,0.0
cat__shift_end_12:46,0.0
cat__shift_end_12:41,0.0
cat__shift_end_12:35,-0.0
cat__shift_end_12:32,-0.0
cat__shift_end_12:29,0.0
cat__shift_end_12:28,0.0
cat__shift_end_12:15,-0.0
cat__shift_end_12:52,0.0
cat__shift_end_14:21,0.0
cat__shift_end_14:16,0.0
cat__shift_end_14:12,0.0
cat__shift_end_14:04,-0.0
cat__shift_end_14:00,-0.0
cat__shift_end_13:58,-0.0
cat__shift_end_13:56,0.0
cat__shift_end_13:55,0.0
cat__shift_end_13:20,-0.0
cat__shift_end_13:43,-0.0
cat__shift_end_13:41,0.0
cat__shift_end_13:38,-0.0
cat__shift_end_13:36,-0.0
cat__shift_end_13:35,0.0
cat__shift_end_13:34,0.0
cat__shift_end_13:26,-0.0
cat__shift_end_13:21,-0.0
cat__shift_end_13:49,-0.0
cat__shift_end_10:53,-0.0
cat__shift_end_10:47,0.0
cat__shift_end_10:41,0.0
cat__shift_end_10:39,0.0
cat__shift_end_10:32,-0.0
cat__shift_end_10:25,0.0
cat__shift_end_10:24,0.0
cat__shift_end_10:16,0.0
cat__shift_end_12:14,0.0
cat__shift_end_10:09,0.0
cat__shift_end_10:01,-0.0
cat__shift_end_09:54,-0.0
cat__shift_end_09:48,0.0
cat__shift_end_09:41,0.0
cat__shift_end_09:32,-0.0
cat__shift_end_09:27,-0.0
cat__shift_end_09:25,-0.0
cat__shift_end_10:12,-0.0
cat__shift_end_12:09,0.0
cat__shift_end_12:08,-0.0
cat__shift_end_12:02,-0.0
cat__shift_end_11:56,0.0
cat__shift_end_11:55,0.0
cat__shift_end_11:49,-0.0
cat__shift_end_11:46,0.0
cat__shift_end_11:41,-0.0
cat__shift_end_10:56,0.0
cat__shift_end_11:32,-0.0
cat__shift_end_11:28,-0.0
cat__shift_end_11:20,-0.0
cat__shift_end_11:19,0.0
cat__shift_end_11:18,-0.0
cat__shift_end_11:07,-0.0
cat__shift_end_10:59,0.0
cat__shift_end_10:58,-0.0
cat__shift_end_11:38,-0.0
cat__Worker_id_WKR-221,-0.0
cat__Worker_id_WKR-220,0.0
cat__Worker_id_WKR-219,-0.0
cat__Worker_id_WKR-218,0.0
cat__Worker_id_WKR-217,0.0
cat__Worker_id_WKR-216,0.0
cat__Worker_id_WKR-215,0.0
cat__shift_start_09:38,-0.0
cat__Worker_id_WKR-213,0.0
cat__Worker_id_WKR-211,0.0
cat__Worker_id_WKR-209,0.0
cat__Worker_id_WKR-208,0.0
cat__Worker_id_WKR-207,-0.0
cat__Worker_id_WKR-206,-0.0
cat__Worker_id_WKR-204,-0.0
cat__Worker_id_WKR-203,-0.0
cat__Worker_id_WKR-214,-0.0
cat__Worker_id_WKR-240,-0.0
cat__Worker_id_WKR-238,0.0
cat__Worker_id_WKR-237,0.0
cat__Worker_id_WKR-236,0.0
cat__Worker_id_WKR-235,-0.0
cat__Worker_id_WKR-234,0.0
cat__Worker_id_WKR-233,0.0
cat__Worker_id_WKR-232,-0.0
cat__Worker_id_WKR-222,-0.0
cat__Worker_id_WKR-230,-0.0
cat__Worker_id_WKR-229,0.0
cat__Worker_id_WKR-228,-0.0
cat__Worker_id_WKR-227,-0.0
cat__Worker_id_WKR-226,-0.0
cat__Worker_id_WKR-225,-0.0
cat__Worker_id_WKR-224,-0.0
cat__Worker_id_WKR-223,0.0
cat__Worker_id_WKR-231,-0.0
cat__Worker_id_WKR-178,-0.0
cat__Worker_id_WKR-177,-0.0
cat__Worker_id_WKR-176,0.0
cat__Worker_id_WKR-175,0.0
cat__Worker_id_WKR-172,0.0
cat__Worker_id_WKR-171,0.0
cat__Worker_id_WKR-170,0.0
cat__Worker_id_WKR-169,0.0
cat__Worker_id_WKR-202,-0.0
cat__Worker_id_WKR-167,-0.0
cat__Worker_id_WKR-166,0.0
cat__Worker_id_WKR-165,0.0
cat__Worker_id_WKR-164,-0.0
cat__Worker_id_WKR-163,-0.0
cat__Worker_id_WKR-162,0.0
cat__Worker_id_WKR-161,-0.0
cat__Worker_id_WKR-160,-0.0
cat__Worker_id_WKR-168,-0.0
cat__Worker_id_WKR-201,-0.0
cat__Worker_id_WKR-200,0.0
cat__Worker_id_WKR-199,-0.0
cat__Worker_id_WKR-198,-0.0
cat__Worker_id_WKR-197,-0.0
cat__Worker_id_WKR-196,0.0
cat__Worker_id_WKR-193,0.0
cat__Worker_id_WKR-192,0.0
cat__Worker_id_WKR-179,0.0
cat__Worker_id_WKR-190,0.0
cat__Worker_id_WKR-189,-0.0
cat__Worker_id_WKR-188,-0.0
cat__Worker_id_WKR-187,0.0
cat__Worker_id_WKR-185,-0.0
cat__Worker_id_WKR-184,-0.0
cat__Worker_id_WKR-182,0.0
cat__Worker_id_WKR-180,-0.0
cat__Worker_id_WKR-191,-0.0
cat__Worker_id_WKR-300,0.0
cat__Worker_id_WKR-299,0.0
cat__Worker_id_WKR-298,-0.0
cat__Worker_id_WKR-297,-0.0
cat__Worker_id_WKR-296,0.0
cat__Worker_id_WKR-295,-0.0
cat__Worker_id_WKR-294,-0.0
cat__Worker_id_WKR-293,0.0
cat__Worker_id_WKR-241,-0.0
cat__Worker_id_WKR-290,-0.0
cat__Worker_id_WKR-289,0.0
cat__Worker_id_WKR-288,-0.0
cat__Worker_id_WKR-287,-0.0
cat__Worker_id_WKR-286,-0.0
cat__Worker_id_WKR-285,0.0
cat__Worker_id_WKR-284,-0.0
cat__Worker_id_WKR-283,0.0
cat__Worker_id_WKR-292,0.0
cat__Worker_id_WKR-323,-0.0
cat__Worker_id_WKR-321,-0.0
cat__Worker_id_WKR-320,0.0
cat__Worker_id_WKR-319,0.0
cat__Worker_id_WKR-316,0.0
cat__Worker_id_WKR-315,0.0
cat__Worker_id_WKR-314,0.0
cat__Worker_id_WKR-312,0.0
cat__Worker_id_WKR-301,0.0
cat__Worker_id_WKR-310,-0.0
cat__Worker_id_WKR-309,-0.0
cat__Worker_id_WKR-308,-0.0
cat__Worker_id_WKR-307,0.0
cat__Worker_id_WKR-306,0.0
cat__Worker_id_WKR-304,0.0
cat__Worker_id_WKR-303,-0.0
cat__Worker_id_WKR-302,0.0
cat__Worker_id_WKR-311,-0.0
cat__Worker_id_WKR-258,-0.0
cat__Worker_id_WKR-257,0.0
cat__Worker_id_WKR-256,0.0
cat__Worker_id_WKR-255,-0.0
cat__Worker_id_WKR-254,-0.0
cat__Worker_id_WKR-253,-0.0
cat__Worker_id_WKR-252,0.0
cat__Worker_id_WKR-251,-0.0
cat__Worker_id_WKR-282,0.0
cat__Worker_id_WKR-249,-0.0
cat__Worker_id_WKR-248,-0.0
cat__Worker_id_WKR-247,-0.0
cat__Worker_id_WKR-246,-0.0
cat__Worker_id_WKR-245,0.0
cat__Worker_id_WKR-244,-0.0
cat__Worker_id_WKR-243,0.0
cat__Worker_id_WKR-242,-0.0
cat__Worker_id_WKR-250,0.0
cat__Worker_id_WKR-280,0.0
cat__Worker_id_WKR-277,0.0
cat__Worker_id_WKR-276,0.0
cat__Worker_id_WKR-275,-0.0
cat__Worker_id_WKR-274,-0.0
cat__Worker_id_WKR-273,-0.0
cat__Worker_id_WKR-272,0.0
cat__Worker_id_WKR-271,-0.0
cat__Worker_id_WKR-259,-0.0
cat__Worker_id_WKR-268,0.0
cat__Worker_id_WKR-267,0.0
cat__Worker_id_WKR-266,-0.0
cat__Worker_id_WKR-265,-0.0
cat__Worker_id_WKR-264,-0.0
cat__Worker_id_WKR-262,0.0
cat__Worker_id_WKR-261,0.0
cat__Worker_id_WKR-260,0.0
cat__Worker_id_WKR-270,-0.0
cat__Worker_id_WKR-043,0.0
cat__Worker_id_WKR-042,-0.0
cat__Worker_id_WKR-041,-0.0
cat__Worker_id_WKR-039,0.0
cat__Worker_id_WKR-038,0.0
cat__Worker_id_WKR-037,0.0
cat__Worker_id_WKR-036,-0.0
cat__Worker_id_WKR-035,-0.0
cat__Worker_id_WKR-159,0.0
cat__Worker_id_WKR-032,-0.0
cat__Worker_id_WKR-030,-0.0
cat__Worker_id_WKR-029,0.0
cat__Worker_id_WKR-028,-0.0
cat__Worker_id_WKR-027,-0.0
cat__Worker_id_WKR-026,0.0
cat__Worker_id_WKR-025,-0.0
cat__Worker_id_WKR-024,0.0
cat__Worker_id_WKR-033,0.0
cat__Worker_id_WKR-063,-0.0
cat__Worker_id_WKR-062,-0.0
cat__Worker_id_WKR-061,-0.0
cat__Worker_id_WKR-060,0.0
cat__Worker_id_WKR-059,-0.0
cat__Worker_id_WKR-058,-0.0
cat__Worker_id_WKR-057,-0.0
cat__Worker_id_WKR-055,-0.0
cat__Worker_id_WKR-044,-0.0
cat__Worker_id_WKR-053,0.0
cat__Worker_id_WKR-052,0.0
cat__Worker_id_WKR-051,0.0
cat__Worker_id_WKR-050,-0.0
cat__Worker_id_WKR-049,0.0
cat__Worker_id_WKR-048,0.0
cat__Worker_id_WKR-046,0.0
cat__Worker_id_WKR-045,0.0
cat__Worker_id_WKR-054,0.0
cat__shift_end_23:48,-0.0
cat__shift_end_23:47,-0.0
cat__shift_end_23:45,-0.0
cat__shift_end_23:38,-0.0
cat__shift_end_23:36,-0.0
num__current_shift_planning_streak,0.0
num__schedule_streak_days,0.0
num__savings_streak_length,0.0
cat__Worker_id_WKR-022,0.0
num__cancellations,-0.0
num__surge_multiplier,0.0
num__requests_accepted,-0.0
num__requests_received,0.0
num__job_completed_percentage,0.0
num__hours_worked,-0.0
cat__nudge_response_Yes,-0.0
num__month,0.0
num__idle_time_minutes,-0.0
cat__Worker_id_WKR-021,-0.0
cat__Worker_id_WKR-020,-0.0
cat__Worker_id_WKR-018,0.0
cat__Worker_id_WKR-017,-0.0
cat__Worker_id_WKR-015,-0.0
cat__Worker_id_WKR-014,-0.0
cat__Worker_id_WKR-013,-0.0
num__is_weekend,0.0
cat__shift_end_23:49,0.0
cat__did_plan_shifts_in_advance_Yes,0.0
cat__did_plan_shifts_in_advance_No,-0.0
cat__zone_location_New York,-0.0
cat__zone_location_Los Angeles,0.0
cat__zone_location_Houston,0.0
cat__zone_location_Chicago,-0.0
cat__shift_end_23:53,0.0
cat__shift_end_23:51,-0.0
cat__nudge_response_No,0.0
cat__Worker_id_WKR-137,-0.0
cat__Worker_id_WKR-136,-0.0
cat__Worker_id_WKR-135,0.0
cat__Worker_id_WKR-134,-0.0
cat__Worker_id_WKR-133,0.0
cat__Worker_id_WKR-131,-0.0
cat__Worker_id_WKR-130,-0.0
cat__Worker_id_WKR-129,-0.0
cat__Worker_id_WKR-065,-0.0
cat__Worker_id_WKR-127,-0.0
cat__Worker_id_WKR-126,-0.0
cat__Worker_id_WKR-124,-0.0
cat__Worker_id_WKR-123,-0.0
cat__Worker_id_WKR-122,-0.0
cat__Worker_id_WKR-121,-0.0
cat__Worker_id_WKR-120,-0.0
cat__Worker_id_WKR-119,0.0
cat__Worker_id_WKR-128,-0.0
cat__Worker_id_WKR-158,0.0
cat__Worker_id_WKR-157,0.0
cat__Worker_id_WKR-154,-0.0
cat__Worker_id_WKR-153,0.0
cat__Worker_id_WKR-152,-0.0
cat__Worker_id_WKR-151,0.0
cat__Worker_id_WKR-150,-0.0
cat__Worker_id_WKR-148,0.0
cat__Worker_id_WKR-138,-0.0
cat__Worker_id_WKR-146,-0.0
cat__Worker_id_WKR-145,-0.0
cat__Worker_id_WKR-144,-0.0
cat__Worker_id_WKR-143,0.0
cat__Worker_id_WKR-142,0.0
cat__Worker_id_WKR-141,0.0
cat__Worker_id_WKR-140,-0.0
cat__Worker_id_WKR-139,-0.0
cat__Worker_id_WKR-147,0.0
cat__Worker_id_WKR-097,-0.0
cat__Worker_id_WKR-096,0.0
cat__Worker_id_WKR-095,-0.0
cat__Worker_id_WKR-093,0.0
cat__Worker_id_WKR-092,-0.0
cat__Worker_id_WKR-090,0.0
cat__Worker_id_WKR-089,0.0
cat__Worker_id_WKR-088,0.0
cat__Worker_id_WKR-118,0.0
cat__Worker_id_WKR-084,0.0
cat__Worker_id_WKR-082,-0.0
cat__Worker_id_WKR-081,-0.0
cat__Worker_id_WKR-075,-0.0
cat__Worker_id_WKR-072,0.0
cat__Worker_id_WKR-068,-0.0
cat__Worker_id_WKR-067,-0.0
cat__Worker_id_WKR-066,0.0
cat__Worker_id_WKR-086,0.0
cat__Worker_id_WKR-117,0.0
cat__Worker_id_WKR-116,-0.0
cat__Worker_id_WKR-115,-0.0
cat__Worker_id_WKR-114,0.0
cat__Worker_id_WKR-113,0.0
cat__Worker_id_WKR-112,0.0
cat__Worker_id_WKR-111,0.0
cat__Worker_id_WKR-110,-0.0
cat__Worker_id_WKR-098,-0.0
cat__Worker_id_WKR-108,0.0
cat__Worker_id_WKR-107,0.0
cat__Worker_id_WKR-106,-0.0
cat__Worker_id_WKR-104,0.0
cat__Worker_id_WKR-103,0.0
cat__Worker_id_WKR-101,0.0
cat__Worker_id_WKR-100,-0.0
cat__Worker_id_WKR-099,-0.0
cat__Worker_id_WKR-109,0.0
cat__shift_start_03:25,-0.0
cat__shift_start_03:20,-0.0
cat__shift_start_03:11,0.0
cat__shift_start_03:09,-0.0
cat__shift_start_02:59,0.0
cat__shift_start_02:56,0.0
cat__shift_start_02:52,0.0
cat__Worker_id_WKR-326,-0.0
cat__shift_start_02:39,0.0
cat__shift_start_02:38,-0.0
cat__shift_start_02:32,-0.0
cat__shift_start_02:29,0.0
cat__shift_start_02:27,-0.0
cat__shift_start_02:23,0.0
cat__shift_start_02:21,-0.0
cat__shift_start_02:20,-0.0
cat__shift_start_02:41,-0.0
cat__shift_start_04:35,-0.0
cat__shift_start_04:34,0.0
cat__shift_start_04:27,-0.0
cat__shift_start_04:26,-0.0
cat__shift_start_04:15,-0.0
cat__shift_start_04:04,-0.0
cat__shift_start_04:02,-0.0
cat__shift_start_03:58,-0.0
cat__shift_start_03:26,-0.0
cat__shift_start_03:54,-0.0
cat__shift_start_03:51,-0.0
cat__shift_start_03:48,0.0
cat__shift_start_03:47,0.0
cat__shift_start_03:43,-0.0
cat__shift_start_03:33,-0.0
cat__shift_start_03:32,-0.0
cat__shift_start_03:29,0.0
cat__shift_start_03:55,0.0
cat__shift_start_00:28,-0.0
cat__shift_start_00:27,0.0
cat__shift_start_00:24,0.0
cat__shift_start_00:21,0.0
cat__shift_start_00:13,-0.0
cat__shift_start_00:09,0.0
cat__shift_start_00:08,-0.0
cat__shift_start_00:06,0.0
cat__shift_start_02:18,-0.0
cat__shift_start_00:00,-0.0
cat__Day_of_week_Wednesday,-0.0
cat__Day_of_week_Tuesday,-0.0
cat__Day_of_week_Thursday,-0.0
cat__Day_of_week_Sunday,-0.0
cat__Day_of_week_Saturday,0.0
cat__Day_of_week_Monday,-0.0
cat__Day_of_week_Friday,0.0
cat__shift_start_00:02,0.0
cat__shift_start_02:13,-0.0
cat__shift_start_02:09,-0.0
cat__shift_start_02:04,0.0
cat__shift_start_01:55,0.0
cat__shift_start_01:54,-0.0
cat__shift_start_01:47,-0.0
cat__shift_start_01:44,0.0
cat__shift_start_01:43,0.0
cat__shift_start_00:36,0.0
cat__shift_start_01:32,-0.0
cat__shift_start_01:26,0.0
cat__shift_start_01:18,-0.0
cat__shift_start_01:06,0.0
cat__shift_start_01:00,0.0
cat__shift_start_00:58,0.0
cat__shift_start_00:55,-0.0
cat__shift_start_00:53,0.0
cat__shift_start_01:35,0.0
cat__shift_start_08:01,0.0
cat__shift_start_08:00,-0.0
cat__shift_start_07:59,0.0
cat__shift_start_07:57,0.0
cat__shift_start_07:56,0.0
cat__shift_start_07:55,0.0
cat__shift_start_07:52,0.0
cat__shift_start_07:49,-0.0
cat__shift_start_04:36,-0.0
cat__shift_start_07:42,0.0
cat__shift_start_07:32,0.0
cat__shift_start_07:31,-0.0
cat__shift_start_07:29,0.0
cat__shift_start_07:23,-0.0
cat__shift_start_07:16,0.0
cat__shift_start_07:12,-0.0
cat__shift_start_07:09,0.0
cat__shift_start_07:46,0.0
cat__shift_start_09:29,0.0
cat__shift_start_09:22,-0.0
cat__shift_start_09:15,-0.0
cat__shift_start_09:14,0.0
cat__shift_start_09:13,0.0
cat__shift_start_08:58,-0.0
cat__shift_start_08:57,-0.0
cat__shift_start_08:55,-0.0
cat__shift_start_08:03,-0.0
cat__shift_start_08:50,-0.0
cat__shift_start_08:45,0.0
cat__shift_start_08:42,0.0
cat__shift_start_08:41,0.0
cat__shift_start_08:28,-0.0
cat__shift_start_08:25,-0.0
cat__shift_start_08:21,-0.0
cat__shift_start_08:07,-0.0
cat__shift_start_08:54,-0.0
cat__shift_start_05:29,-0.0
cat__shift_start_05:24,-0.0
cat__shift_start_05:18,-0.0
cat__shift_start_05:16,0.0
cat__shift_start_05:12,0.0
cat__shift_start_05:11,0.0
cat__shift_start_05:10,-0.0
cat__shift_start_05:08,0.0
cat__shift_start_07:01,-0.0
cat__shift_start_05:02,-0.0
cat__shift_start_05:00,0.0
cat__shift_start_04:53,0.0
cat__shift_start_04:50,0.0
cat__shift_start_04:49,0.0
cat__shift_start_04:46,0.0
cat__shift_start_04:39,0.0
cat__shift_start_04:38,0.0
cat__shift_start_05:07,-0.0
cat__shift_start_06:56,0.0
cat__shift_start_06:53,-0.0
cat__shift_start_06:49,-0.0
cat__shift_start_06:46,0.0
cat__shift_start_06:43,0.0
cat__shift_start_06:35,-0.0
cat__shift_start_06:32,-0.0
cat__shift_start_06:28,0.0
cat__shift_start_05:34,0.0
cat__shift_start_06:21,0.0
cat__shift_start_06:19,0.0
cat__shift_start_06:18,0.0
cat__shift_start_06:16,-0.0
cat__shift_start_06:08,-0.0
cat__shift_start_06:01,-0.0
cat__shift_start_05:52,-0.0
cat__shift_start_05:50,-0.0
cat__shift_start_06:23,-0.0
cat__Worker_id_WKR-396,-0.0
cat__Worker_id_WKR-394,-0.0
cat__Worker_id_WKR-393,0.0
cat__Worker_id_WKR-391,0.0
cat__Worker_id_WKR-390,0.0
cat__Worker_id_WKR-388,0.0
cat__Worker_id_WKR-387,0.0
cat__Worker_id_WKR-386,-0.0
cat__preferred_shift_Night,-0.0
cat__Worker_id_WKR-383,-0.0
cat__Worker_id_WKR-381,-0.0
cat__Worker_id_WKR-380,-0.0
cat__Worker_id_WKR-379,-0.0
cat__Worker_id_WKR-377,0.0
cat__Worker_id_WKR-376,-0.0
cat__Worker_id_WKR-374,-0.0
cat__Worker_id_WKR-373,-0.0
cat__Worker_id_WKR-384,-0.0
cat__Worker_id_WKR-420,-0.0
cat__Worker_id_WKR-419,0.0
cat__Worker_id_WKR-418,0.0
cat__Worker_id_WKR-417,-0.0
cat__Worker_id_WKR-414,0.0
cat__Worker_id_WKR-413,-0.0
cat__Worker_id_WKR-412,-0.0
cat__Worker_id_WKR-408,-0.0
cat__Worker_id_WKR-397,0.0
cat__Worker_id_WKR-405,-0.0
cat__Worker_id_WKR-404,-0.0
cat__Worker_id_WKR-403,0.0
cat__Worker_id_WKR-402,0.0
cat__Worker_id_WKR-401,-0.0
cat__Worker_id_WKR-400,-0.0
cat__Worker_id_WKR-399,0.0
cat__Worker_id_WKR-398,0.0
cat__Worker_id_WKR-406,-0.0
cat__Worker_id_WKR-347,0.0
cat__Worker_id_WKR-346,0.0
cat__Worker_id_WKR-345,-0.0
cat__Worker_id_WKR-344,0.0
cat__Worker_id_WKR-343,-0.0
cat__Worker_id_WKR-341,0.0
cat__Worker_id_WKR-340,-0.0
cat__Worker_id_WKR-339,-0.0
cat__Worker_id_WKR-371,0.0
cat__Worker_id_WKR-336,0.0
cat__Worker_id_WKR-333,0.0
cat__Worker_id_WKR-332,-0.0
cat__Worker_id_WKR-331,0.0
cat__Worker_id_WKR-330,-0.0
cat__Worker_id_WKR-329,-0.0
cat__Worker_id_WKR-328,-0.0
cat__Worker_id_WKR-327,-0.0
cat__Worker_id_WKR-338,0.0
cat__Worker_id_WKR-370,0.0
cat__Worker_id_WKR-369,-0.0
cat__Worker_id_WKR-368,-0.0
cat__Worker_id_WKR-367,-0.0
cat__Worker_id_WKR-366,-0.0
cat__Worker_id_WKR-365,0.0
cat__Worker_id_WKR-364,-0.0
cat__Worker_id_WKR-361,0.0
cat__Worker_id_WKR-349,0.0
cat__Worker_id_WKR-359,-0.0
cat__Worker_id_WKR-358,0.0
cat__Worker_id_WKR-356,0.0
cat__Worker_id_WKR-355,0.0
cat__Worker_id_WKR-354,0.0
cat__Worker_id_WKR-352,-0.0
cat__Worker_id_WKR-351,0.0
cat__Worker_id_WKR-350,0.0
cat__Worker_id_WKR-360,0.0
cat__Worker_id_WKR-487,0.0
cat__Worker_id_WKR-485,0.0
cat__Worker_id_WKR-483,-0.0
cat__Worker_id_WKR-482,0.0
cat__Worker_id_WKR-481,-0.0
cat__Worker_id_WKR-480,0.0
cat__Worker_id_WKR-479,0.0
cat__Worker_id_WKR-477,-0.0
cat__Worker_id_WKR-421,-0.0
cat__Worker_id_WKR-474,-0.0
cat__Worker_id_WKR-472,-0.0
cat__Worker_id_WKR-471,-0.0
cat__Worker_id_WKR-470,-0.0
cat__Worker_id_WKR-469,-0.0
cat__Worker_id_WKR-468,0.0
cat__Worker_id_WKR-467,0.0
cat__Worker_id_WKR-465,0.0
cat__Worker_id_WKR-475,-0.0
cat__preferred_shift_Morning,0.0
cat__preferred_shift_Evening,-0.0
cat__preferred_shift_Afternoon,0.0
cat__city_New York,-0.0
cat__city_Los Angeles,0.0
cat__city_Houston,0.0
cat__city_Chicago,-0.0
cat__experience_level_Veteran,0.0
cat__Worker_id_WKR-488,-0.0
cat__experience_level_Intermediate,-0.0
cat__Worker_id_WKR-500,0.0
cat__Worker_id_WKR-499,-0.0
cat__Worker_id_WKR-497,-0.0
cat__Worker_id_WKR-494,-0.0
cat__Worker_id_WKR-493,-0.0
cat__Worker_id_WKR-490,0.0
cat__Worker_id_WKR-489,-0.0
cat__experience_level_New,0.0
cat__Worker_id_WKR-440,-0.0
cat__Worker_id_WKR-438,0.0
cat__Worker_id_WKR-437,0.0
cat__Worker_id_WKR-436,-0.0
cat__Worker_id_WKR-435,0.0
cat__Worker_id_WKR-434,0.0
cat__Worker_id_WKR-433,0.0
cat__Worker_id_WKR-431,0.0
cat__Worker_id_WKR-464,0.0
cat__Worker_id_WKR-429,-0.0
cat__Worker_id_WKR-428,-0.0
cat__Worker_id_WKR-427,-0.0
cat__Worker_id_WKR-426,0.0
cat__Worker_id_WKR-425,0.0
cat__Worker_id_WKR-424,-0.0
cat__Worker_id_WKR-423,-0.0
cat__Worker_id_WKR-422,0.0
cat__Worker_id_WKR-430,0.0
cat__Worker_id_WKR-463,0.0
cat__Worker_id_WKR-461,0.0
cat__Worker_id_WKR-460,0.0
cat__Worker_id_WKR-459,0.0
cat__Worker_id_WKR-458,-0.0
cat__Worker_id_WKR-457,0.0
cat__Worker_id_WKR-455,-0.0
cat__Worker_id_WKR-454,-0.0
cat__Worker_id_WKR-442,-0.0
cat__Worker_id_WKR-450,0.0
cat__Worker_id_WKR-449,0.0
cat__Worker_id_WKR-448,0.0
cat__Worker_id_WKR-447,-0.0
cat__Worker_id_WKR-446,-0.0
cat__Worker_id_WKR-445,0.0
cat__Worker_id_WKR-444,-0.0
cat__Worker_id_WKR-443,0.0
cat__Worker_id_WKR-453,0.0
